mod.rs	1	15
mod.rs	40	41
mod.rs	52	53
types.rs	55	233
store.rs	446	452
store.rs	679	698
store.rs	1605	1688
store.rs	1842	1886
store.rs	2076	2115
store.rs	2256	2374
store.rs	2406	2413
store.rs	3274	3351
snapshot.rs	272	444
snapshot.rs	1888	1934
snapshot.rs	2394	2404
snapshot.rs	2415	2574
snapshot.rs	3030	3050
snapshot.rs	3168	3213
snapshot.rs	3228	3272
commit.rs	454	677
delta.rs	235	270
delta.rs	1690	1840
delta.rs	1936	2074
delta.rs	2117	2254
runs.rs	2576	3028
runs.rs	3052	3166
read.rs	42	42
read.rs	50	50
read.rs	700	916
read.rs	1368	1603
read.rs	2376	2392
read.rs	3215	3226
read.rs	3353	3369
gc.rs	43	49
gc.rs	918	1366
tests.rs	3373	3661
